work_id,composer_id,title,work_type,catalog_number,key,mb_tags
fef51219-d25b-4fca-88a2-c9e0cfb8e8fb,ad79836d-9849-44df-8789-180bbc823f3c,Venezianische Konzerte,Concerto,,,[]
6fdd7af1-c7ca-4e45-a916-d13563265c1a,ad79836d-9849-44df-8789-180bbc823f3c,Le Quattro Stagioni (Iona Brown),Concerto,,,[]
cca26ce1-1906-3b75-b55c-89024494b2d5,ad79836d-9849-44df-8789-180bbc823f3c,Die Vier Jahreszeiten (The Four Seasons),Concerto,,,['classical']
e1bced07-27a5-464c-8dfd-1f04be28fdfd,ad79836d-9849-44df-8789-180bbc823f3c,Les Quatre Saisons Opus 8 n°1-4,Concerto,Op. 8,,[]
3a40ba98-e679-4b9f-ade8-c2ea29c1c7e3,ad79836d-9849-44df-8789-180bbc823f3c,Dixit dominus rv 595;o qui caeli rv 631;gloria rv 588,Gloria,RV 595,,[]
8a4990c9-2875-479c-a2f3-22ae35c9a936,ad79836d-9849-44df-8789-180bbc823f3c,De Meesters: Antonio Vivaldi,,,,[]
d7dd0087-7c44-3f72-beca-474cbf703c93,ad79836d-9849-44df-8789-180bbc823f3c,Die vier Jahreszeiten,Concerto,,,['baroque' 'classical' 'concerto' 'opera']
a94bf428-c0e6-4e72-af08-a17ea302d781,ad79836d-9849-44df-8789-180bbc823f3c,Critic's Choice: The Basics Seasons,,,,[]
eb783973-ba49-4bb7-917e-c5a69eccc150,ad79836d-9849-44df-8789-180bbc823f3c,Vivaldi: Due salmi / Casella: Missa solemnis,Mass,,,[]
d3fb8714-7292-49fd-bd8b-9f1f7055ce4b,ad79836d-9849-44df-8789-180bbc823f3c,"Il Cimento dell'Armonia e dell'Inventione, Op. VIII",Concerto,,,[]
db378fa0-0442-4ebd-8a9b-fbe48f387dc9,ad79836d-9849-44df-8789-180bbc823f3c,The Four Seasons,Concerto,,,[]
934a0e6e-ead3-4813-a4d7-d3451e2dda95,ad79836d-9849-44df-8789-180bbc823f3c,Antonio Vivaldi Complete Recorder Concertos,Concerto,,,[]
141ba60e-2011-4831-a74b-11051d320dcc,ad79836d-9849-44df-8789-180bbc823f3c,Cello Concertos,Concerto,,,[]
e8f97693-e108-3154-b7ba-63fa4367d9f5,ad79836d-9849-44df-8789-180bbc823f3c,"Choral Works, Volume 1",Choral,,,[]
c325658d-ff12-4e89-8fb5-12d56e9f3ca5,ad79836d-9849-44df-8789-180bbc823f3c,"Concerti, Sinfonia",Symphony,,,[]
82be03ef-01c5-47ec-a4e5-4cf7a1943633,ad79836d-9849-44df-8789-180bbc823f3c,Concertos on Authentic Instruments,Concerto,,,[]
b1a8c879-0a56-44ca-ac84-b76ef298abc5,ad79836d-9849-44df-8789-180bbc823f3c,Die vier Jahreszeiten,Concerto,,,[]
b865f818-5cbe-3ef7-ac41-82cb1fffad72,ad79836d-9849-44df-8789-180bbc823f3c,Four Seasons And More,Concerto,,,[]
6723219d-8de6-3f34-87c1-d0d48db8314a,ad79836d-9849-44df-8789-180bbc823f3c,"Gloria, Stabat Mater",Gloria,,,[]
f04d75b0-8fce-3b50-8300-4a3bbd974d4f,ad79836d-9849-44df-8789-180bbc823f3c,Las Cuatro Estaciones y Otros Conciertos,Concerto,,,['classical' 'concerto']
47633fc6-3673-41fe-9db4-f46f267f8ddd,ad79836d-9849-44df-8789-180bbc823f3c,Le Quattro Stagioni = Die Vier Jahreszeiten = The Four Seasons,Concerto,,,[]
bd2a135f-15fa-41a1-9c75-153542452c0b,ad79836d-9849-44df-8789-180bbc823f3c,Les Quatres Saisons,Concerto,,,[]
0647fab0-bced-4d87-afa7-1ce9cdb84804,ad79836d-9849-44df-8789-180bbc823f3c,"The Best of Vivaldi: Featuring The Four Seasons, Volume II",Concerto,,,['baroque' 'classical']
6de89119-f6a9-309f-aace-91bc613f7c92,ad79836d-9849-44df-8789-180bbc823f3c,The Four Seasons - Antonio Vivaldi (Musici di San Marco),Concerto,,,[]
7ec06fd0-6c56-47b2-bd21-5a8291e09368,ad79836d-9849-44df-8789-180bbc823f3c,The Vivaldi Collection,,,,[]
1baf5f39-e798-4cdb-bff3-c098338fba0d,be50643c-0377-4968-b48c-47e06b2e2a3b,La damoiselle élue / Piano Concerto for the Left Hand,Concerto,,,['classical']
8f60accc-4ee2-437b-abad-eff3f7bc7ee6,be50643c-0377-4968-b48c-47e06b2e2a3b,Franck: Sonata in A major / Debussy: Sonata no. 3,Sonata,No. 3,A major,['classical']
f0db09b9-a24f-41d0-85e5-ea45567cf64c,be50643c-0377-4968-b48c-47e06b2e2a3b,Douze etudes pour le piano,Etude,,,['classical']
66e33a3f-c0ff-4548-9782-d74df194e0f1,be50643c-0377-4968-b48c-47e06b2e2a3b,"Ravel: Quartet in F major / Debussy: Quartet in G minor, op. 10",Quartet,Op. 10,F major,['classical']
28f39850-808d-45e0-a76e-179e8db072c9,be50643c-0377-4968-b48c-47e06b2e2a3b,La Mer / Iberia,Suite,,,['classical']
fd010639-edb1-4f38-9302-d7ad8d14e4f7,be50643c-0377-4968-b48c-47e06b2e2a3b,"Debussy: Sonata for Flute, Viola and Harp / Syrinx for Unaccompanied Flute / Roussel: Trio for Flute, Viola and Cello, op. 40",Trio,Op. 40,,['classical']
3a9914fc-cfbf-4d2c-b1fa-bf9abfdce7e5,be50643c-0377-4968-b48c-47e06b2e2a3b,Debussy: The Blessed Damozel / Berlioz: Summer Nights,,,,['classical']
d7c77102-d429-4b38-9b57-f915624700f7,be50643c-0377-4968-b48c-47e06b2e2a3b,"Quatuor en sol mineur, op. 10 / Sonate pour violoncelle et piano",Quartet,Op. 10,,['classical']
b5a891b4-7d26-44f4-9933-694d5ed11e0e,be50643c-0377-4968-b48c-47e06b2e2a3b,"Ravel: La valse, Boléro, Mother Goose Suite / Debussy: Nocturnes: Nuages, fêtes",Nocturne,,,['classical']
811790e5-a52b-4971-8203-499b4d085325,be50643c-0377-4968-b48c-47e06b2e2a3b,"Le quatuor à cordes / Sonate pour flûte, alto et harpe / Sonate pour violoncelle et piano",String Quartet,,,['classical']
1cc55e49-5d31-4994-a6d8-5458f398fdbd,be50643c-0377-4968-b48c-47e06b2e2a3b,Mendelssohn: Midsummer Night’s Dream / Debussy: Afternoon of a Faun,,,,['classical']
4ad6cb2b-9380-4bfe-bc31-1d22f1ad0968,be50643c-0377-4968-b48c-47e06b2e2a3b,The Sea,,,,['classical']
b65cff8d-45be-4490-9827-0cbe8c2c25bf,be50643c-0377-4968-b48c-47e06b2e2a3b,Debussy: Iberia - Ravel: Alborado Del Gracioso / Valses Nobles Et Sentimentales,Suite,,,['classical']
818288f4-a4f7-4966-8f93-9ebaa8799706,be50643c-0377-4968-b48c-47e06b2e2a3b,Debussy: La Mer / Prelude à l’apres-midi d’un faune / Ravel: Rapsodie espagnole,Prelude,,,['classical']
976bc4b0-4128-4e5d-bf12-751873cdba77,be50643c-0377-4968-b48c-47e06b2e2a3b,"Ravel: Quartet in F major / Debussy: Quartet in G minor, op. 10",Quartet,Op. 10,F major,['classical']
1353d4bc-c720-443c-8cfe-de5281572278,be50643c-0377-4968-b48c-47e06b2e2a3b,Suite Italienne / Sonata,Suite,,,[]
8d64d8c6-8655-479e-ab91-57f6972598ca,be50643c-0377-4968-b48c-47e06b2e2a3b,La Mer / Nocturnes,Nocturne,,,['classical']
e0efffcd-d710-4c44-9e5d-c898cdb912b9,be50643c-0377-4968-b48c-47e06b2e2a3b,"Mihalovici: Ricercari, op. 46 / Debussy: Tocata / Roussel: Trois pièces pour piano, op. 49 / Bartók: Sonatine",,Op. 46,,[]
8fbd250a-5e64-4230-bd41-8906ac1d82de,be50643c-0377-4968-b48c-47e06b2e2a3b,Debussy: La mer / Tänze für Harfe / Roussel: Bacchus et Ariane,,,,['classical']
23b9c488-eb49-4a34-a89f-416f0c5e8e76,be50643c-0377-4968-b48c-47e06b2e2a3b,Debussy: Quartet / Ravel: Quartet,Quartet,,,['classical']
411442da-8ee5-432a-b427-1352ddd7fda3,be50643c-0377-4968-b48c-47e06b2e2a3b,"Préludes, Vol. 1",Prelude,,,[]
2b9f8ee4-61d4-46b6-989c-78e8e60be20c,be50643c-0377-4968-b48c-47e06b2e2a3b,Images I / Children’s Corner / Suite bergamasque / Danse,Suite,,,['classical']
9d4845cc-f92c-47b8-93d7-332fbf6f6865,be50643c-0377-4968-b48c-47e06b2e2a3b,Debussy: Images / Stravinsky: Symphonies of Wind Instruments / Ravel: Pavane pour une infante défunte,,,,['classical']
410b1930-88d9-4e06-bbe0-cbcf01679be0,be50643c-0377-4968-b48c-47e06b2e2a3b,Images / Estampes / D’un cahier d’esquisses / Berceuse heroique,,,,['classical']
63b59eac-312f-4fc4-8be6-03e6f29a6369,be50643c-0377-4968-b48c-47e06b2e2a3b,L'Œuvre Symphonique Intégrale,,,,[]
e5771a28-938b-3219-a08e-184c861d48e4,2cd475bb-1abd-40c4-9904-6d4b691c752c,Hungarian Fantasy - Orchestral Favourites,Fantasia,,,[]
8828aa4b-992c-3964-b24e-097be03e5fd4,2cd475bb-1abd-40c4-9904-6d4b691c752c,Symphonic Poems & Hungarian Rhapsodies,,,,[]
269fc9a8-acbc-455f-9992-f6b5bfb125a5,2cd475bb-1abd-40c4-9904-6d4b691c752c,Hungarian Rhapsodies,,,,['baroque' 'classical']
79cdf855-cdc7-44b8-a3e7-6daa472fda34,2cd475bb-1abd-40c4-9904-6d4b691c752c,"The organ works, vol. 1",,,,[]
b31fd77d-d28e-42e6-a21b-eb096c026f21,2cd475bb-1abd-40c4-9904-6d4b691c752c,"The organ works, vol. 2",,,,[]
24e398b4-70e5-40d4-aad4-d1b375b1b28b,2cd475bb-1abd-40c4-9904-6d4b691c752c,Songs,,,,[]
daf247e5-b9ff-484a-bd32-d5f93a529064,2cd475bb-1abd-40c4-9904-6d4b691c752c,Franz Liszt,,,,[]
9d91c74d-0440-46c5-8eac-64a6825e2c0e,2cd475bb-1abd-40c4-9904-6d4b691c752c,Orgelwerke der Romantik,,,,[]
33a30844-e7af-3726-9eae-5c1b5175636e,2cd475bb-1abd-40c4-9904-6d4b691c752c,Jorge Bolet joue Liszt,,,,[]
f493c6b7-fc4b-3462-8ad7-e4f35e8ee5e7,2cd475bb-1abd-40c4-9904-6d4b691c752c,Liebestraum,,,,[]
ba6343c2-839c-3cc7-93dd-2407b9bd292d,2cd475bb-1abd-40c4-9904-6d4b691c752c,"Peter Lang - Concertos pour piano n°1 - Orchestre, Rhapsodie hongroise - Funerailles - Tasso",Concerto,,,[]
98ccb58b-a347-378b-8029-b60c4056154b,2cd475bb-1abd-40c4-9904-6d4b691c752c,Sonata in B minor,Sonata,,B minor,[]
f9334882-615a-4150-bf48-66f4641adbdb,2cd475bb-1abd-40c4-9904-6d4b691c752c,Rubinstein Plays Liszt,,,,['classical']
bebdfb18-b01d-42fe-b03a-0175c7010b0a,2cd475bb-1abd-40c4-9904-6d4b691c752c,Dukas: The Sorcerer's Apprentice / Weinberger: Schwanda / Liszt: Les Préludes / Strauss: Salome,Prelude,,,[]
3ed1f5bf-dde6-43c4-be47-11ce07d7ad40,2cd475bb-1abd-40c4-9904-6d4b691c752c,A Faust Symphony / Symphonic Poem: Orpheus,Symphony,,,['classical']
1d64d597-0419-4d3a-93cd-8cc5e68fc23d,2cd475bb-1abd-40c4-9904-6d4b691c752c,Liszt: Sonata in B minor / Weber: Sonata no. 4 in E minor / Invitation to the Dance,Sonata,No. 4,B minor,['classical']
5d8723d3-68eb-4517-ba70-5130c2e17255,2cd475bb-1abd-40c4-9904-6d4b691c752c,The Virtuoso Liszt,,,,[]
a93e6ac4-486a-4628-9c1a-9439bb15cdb5,2cd475bb-1abd-40c4-9904-6d4b691c752c,Liszt: Hungarian Rhapsodies 2 & 3 / Enesco: Roumanian Rhapsodies 1 & 2,,,,[]
7d248cbd-7474-4f36-90be-d31100649c53,2cd475bb-1abd-40c4-9904-6d4b691c752c,Liszt: Les Préludes / Smetana: The Moldau / Moussorgsky: Night on Bald Mountain / Sibelius: Valse triste,Prelude,,,[]
54380b0b-da93-4cc1-a60d-f7a9e444f1a0,2cd475bb-1abd-40c4-9904-6d4b691c752c,Concertos Nos 1 et 2 pour piano,Concerto,,,[]
33f96013-4f19-4a3c-8fa4-3968a67a772c,2cd475bb-1abd-40c4-9904-6d4b691c752c,Herbert Von Karajan dirige Liszt,,,,[]
99260aed-9497-3d80-9ca7-2a6d7f51d827,2cd475bb-1abd-40c4-9904-6d4b691c752c,Martha Argerich: Début Recital,,,,['classical' 'instrumental']
d93fa315-b3fb-33f2-9c47-444929375510,2cd475bb-1abd-40c4-9904-6d4b691c752c,"Rhapsodies: Liszt, Enescu, Wagner, Smetana",,,,['classical' 'orchestral']
20f91c4a-2028-4d56-aebf-45896701ac1e,2cd475bb-1abd-40c4-9904-6d4b691c752c,Concertos 1 and 2,Concerto,,,[]
d18ca5fa-e10b-48e5-9d67-860f866958da,2cd475bb-1abd-40c4-9904-6d4b691c752c,"Hungarian Rhapsodies nos. 1, 4, 5 & 6",,,,[]
b5e268ba-af3a-4747-85ce-376cdf94df3e,f91e3a88-24ee-4563-8963-fab73d2765ed,Piano Trios: D. 898 / D. 28,,D. 898,,['classical']
fdd42c11-dfc0-4c79-b0bc-a7735f402f4f,f91e3a88-24ee-4563-8963-fab73d2765ed,Moments Musicaux and Piano Sonata in C minor,Sonata,,C minor,[]
e4a7a7e0-8fe8-3772-b2a4-247fd177b589,f91e3a88-24ee-4563-8963-fab73d2765ed,Octet in F major D 803 (The Nash Ensemble),,D. 803,F major,[]
b926a5f5-11ad-4742-8330-5fb38dd894b8,f91e3a88-24ee-4563-8963-fab73d2765ed,"Symphony No.8 ""Unfinished"" - Symphonie No.3",Symphony,No. 8,,[]
d2a7e6c4-6709-3130-984c-76c81348849f,f91e3a88-24ee-4563-8963-fab73d2765ed,"Quintet in C, D956 / The Shepherd on the Rock",,D. 956,C major,[]
3bbbb59c-9a65-3e3a-8cc5-058a1dbd045c,f91e3a88-24ee-4563-8963-fab73d2765ed,Romantic Guitar Quartets,,,,[]
29aef0e2-92de-49da-8dae-e98c74f4f5fe,f91e3a88-24ee-4563-8963-fab73d2765ed,Schubert Octet,,,,[]
f371ba0a-19c4-3adf-b5ba-e5a6fac38017,f91e3a88-24ee-4563-8963-fab73d2765ed,Vienna Masters Series: Franz Schubert Symphony No. 7,Symphony,No. 7,,[]
e1fd58a8-5bea-44e2-85bf-54076b9cdd69,f91e3a88-24ee-4563-8963-fab73d2765ed,"Symphonien No.1, D82 & No.3 - Rosamunde, Balletmusik/Ballet Music",,D. 82,,['classical']
e1b7844c-cd8e-33a6-a2ee-58d5590e1dac,f91e3a88-24ee-4563-8963-fab73d2765ed,Symphonies 8 and 5,,,,[]
48138f04-5b70-47e0-972e-cb860a0dfc36,f91e3a88-24ee-4563-8963-fab73d2765ed,"Symphonies nos. 5, 8 ""Unfinished"" Rosamunde (Overture and Ballet Music No. 1)",Overture,No. 1,,[]
3f7dd50f-3d16-3987-9656-351636a8228f,f91e3a88-24ee-4563-8963-fab73d2765ed,The World of Schubert,,,,[]
40291b5b-9f1d-3b7b-977f-7b0713c39894,f91e3a88-24ee-4563-8963-fab73d2765ed,"Franz Schubert: Orchestrated by Joachim, Mottl, and Webern (American Symphony Orchestra)",Symphony,,,[]
9cb7397c-c7c1-4af0-96e3-455fd48630c7,f91e3a88-24ee-4563-8963-fab73d2765ed,"Los grandes de la música clasica: Franz Schubert, vol. I",,,,[]
a52d7bc8-a5f9-3346-877a-fc63252850f8,f91e3a88-24ee-4563-8963-fab73d2765ed,Piano Duo Schnabel,,,,[]
eaac831e-57ee-3afe-889a-b4670823bf8f,f91e3a88-24ee-4563-8963-fab73d2765ed,"Piano Sonatas D 959, D 664",,D. 959,,[]
3378ade7-e12c-4370-88bc-30c7e7cc9643,f91e3a88-24ee-4563-8963-fab73d2765ed,"String Quartets D87, 703 & 804",,D. 87,,[]
c2a2f857-b8ba-41fe-aef1-9bb66450178a,f91e3a88-24ee-4563-8963-fab73d2765ed,Symphonie no. 9 / Rosamunde (excerpts),Symphony,No. 9,,[]
0ccc8e93-5bd0-4e8a-94be-cc8a35c6eccb,f91e3a88-24ee-4563-8963-fab73d2765ed,Symphonies Nos.5 and 6 - Budapest Symphony Orchestra,Symphony,,,[]
91611311-1188-3965-b641-369dfdb3616a,f91e3a88-24ee-4563-8963-fab73d2765ed,"Schubert: Piano Trios, Volume 1",,,,[]
4b1c7142-ed99-303d-9002-6e939824aabf,f91e3a88-24ee-4563-8963-fab73d2765ed,Lieder - Goethe,Song,,,[]
5f2131b0-db62-34fd-ac9c-fd02c30162d7,f91e3a88-24ee-4563-8963-fab73d2765ed,"Quartettsatz c-moll, String quartet in G major",String Quartet,,C minor,[]
d9ee3b91-fa03-3bb6-b71b-98b62b9fd59e,f91e3a88-24ee-4563-8963-fab73d2765ed,Sonatas in A major D 644 / E minor D 566 (Olga Tverskaya),,D. 644,A major,['classical']
7f55a8bc-ad59-4c38-8965-20699f167f53,f91e3a88-24ee-4563-8963-fab73d2765ed,Symphony No 9 in C Major,Symphony,No. 9,C major,[]
b1e123ea-1da4-4e8a-a288-449b8eb5601f,f91e3a88-24ee-4563-8963-fab73d2765ed,"Streichquartett ""Der Tod und das Mädchen""",String Quartet,,,['classical']
65f35dcc-7742-4501-8f28-05ecffa7124a,09ff1fe8-d61c-4b98-bb82-18487c74d7b7,3ᵉ Scherzo ~ Barcarolle ~ Nocturnes ~ Mazurkas,Nocturne,,,[]
c0392a2d-ee88-4788-81d7-8e3f61a52212,09ff1fe8-d61c-4b98-bb82-18487c74d7b7,4 Impromptus / 3 Walzer / 6 Mazurken / Polonaise-Fantaisie,Waltz,,,[]
daa9c028-0889-45bf-ac52-7500e1611ee9,09ff1fe8-d61c-4b98-bb82-18487c74d7b7,Chopin,,,,[]
4ee59d26-ccc8-43af-b750-ee8c20941c57,09ff1fe8-d61c-4b98-bb82-18487c74d7b7,Mazurkas / Polonaises / Nocturnes / Preludes / Scherzo,Nocturne,,,['classical']
e2f9ae12-6863-4bd8-9320-80d187302025,09ff1fe8-d61c-4b98-bb82-18487c74d7b7,"Polonaises Nos. 1, 2, 3, 4, 6, 8, 9, 10",,,,[]
6c822296-aff5-419d-9f45-1471c0a141db,09ff1fe8-d61c-4b98-bb82-18487c74d7b7,Concerto pour piano n° 2,Concerto,,,[]
3bbbb59c-9a65-3e3a-8cc5-058a1dbd045c,09ff1fe8-d61c-4b98-bb82-18487c74d7b7,Romantic Guitar Quartets,,,,[]
96317329-a90e-4941-ab74-57a68001b75b,09ff1fe8-d61c-4b98-bb82-18487c74d7b7,これがショパンだ,,,,[]
98dafacf-22ef-4a01-bc5b-16616a8affbe,09ff1fe8-d61c-4b98-bb82-18487c74d7b7,Nikita Magaloff,,,,[]
a4da74c2-627c-3ed2-81b6-aca73e3f2c4e,09ff1fe8-d61c-4b98-bb82-18487c74d7b7,Piano Sonatas Nocturnes,Nocturne,,,['classical']
b503177f-def5-31bf-9767-c14da98bb59b,09ff1fe8-d61c-4b98-bb82-18487c74d7b7,Favourite Nocturnes,Nocturne,,,[]
13d095a1-2157-4cc8-a398-ad16eef1cf00,09ff1fe8-d61c-4b98-bb82-18487c74d7b7,Los Grandes De La Musica Clasica-Frederic Chopin Vol.2,,,,[]
026ed4f6-1553-3855-b84b-86a98f529d4d,09ff1fe8-d61c-4b98-bb82-18487c74d7b7,The Three Piano Sonatas,,,,[]
389c15e8-da99-4bcf-b973-e45f6991d982,09ff1fe8-d61c-4b98-bb82-18487c74d7b7,Chopin,,,,[]
2d8de75e-0aea-326b-bd9d-f5362cbd3890,09ff1fe8-d61c-4b98-bb82-18487c74d7b7,"Sonatas, Waltzes, Nocturnes",Nocturne,,,[]
4f624eae-4dc6-437c-96e3-241cbcf397e0,09ff1fe8-d61c-4b98-bb82-18487c74d7b7,Life and Works,,,,['classical' 'non-music']
280219fd-f347-4997-b7c5-a11ab2ccf3e4,09ff1fe8-d61c-4b98-bb82-18487c74d7b7,Piano concertos,Concerto,,,[]
16ac760d-8149-4662-85fc-7c7aab27f732,09ff1fe8-d61c-4b98-bb82-18487c74d7b7,24 Études et 24 Préludes,Prelude,,,[]
564b78cc-9e85-4701-87f6-4ae6f9fecfc7,09ff1fe8-d61c-4b98-bb82-18487c74d7b7,The Mazurkas Vol.1,,,,[]
4d3ce387-a517-4fa9-9a0d-cd07ec2eac2f,09ff1fe8-d61c-4b98-bb82-18487c74d7b7,Lullaby,,,,[]
82f5d58d-e281-459b-bf93-ed11719a8fd6,09ff1fe8-d61c-4b98-bb82-18487c74d7b7,ピアノ作品全曲集 Disk 11 スケルツォ，ピアノ・ソナタ第1番 : Adam Harasiewicz,,,,[]
42b088cd-1cfd-42e4-9360-6b1105e892fd,09ff1fe8-d61c-4b98-bb82-18487c74d7b7,"ピアノ作品全曲集 Disk 12 ピアノ・ソナタ 第2番,第3番 : Tamas Vasary",,,,[]
3f91e02f-e200-4165-a483-d1abb1e113f0,09ff1fe8-d61c-4b98-bb82-18487c74d7b7,"ピアノ作品全曲集 Disk 13 変奏曲・ロンド : Nikita Magaloff , Michel Dalberto",,,,[]
57f1955a-298c-48d9-a86e-f8d5888c3135,09ff1fe8-d61c-4b98-bb82-18487c74d7b7,ピアノ作品全曲集 Disk 14 ボレロ、演奏会用アレグロ、子守歌、他 : Nikita Magaloff,,,,[]
03d86967-8e02-4f8a-9d47-525b9bfeb4d4,09ff1fe8-d61c-4b98-bb82-18487c74d7b7,"ピアノ作品全曲集 Disk 15 《お手をどうぞ》の主題による変奏曲、他 : Claudio Arrau,London Philharmonic Orchestra,Eliahu Inbal",,,,[]
bc0b2b36-f885-4cb8-8414-1d3c0b6bb0a8,27870d47-bb98-42d1-bf2b-c7e972e6befc,Triosonaten,,,,[]
ee7013e9-b086-39e8-a9a0-2dcb830dfb24,27870d47-bb98-42d1-bf2b-c7e972e6befc,Feuerwerksmusik,,,,['baroque' 'classical']
b4943907-31b6-34ac-bc32-1bcc97cd4c79,27870d47-bb98-42d1-bf2b-c7e972e6befc,Feuerwerksmusik / Wassermusik,Suite,,,['baroque' 'classical']
4cc1c353-8ca8-3790-934e-3be348eeb564,27870d47-bb98-42d1-bf2b-c7e972e6befc,The Heroick Mr. Handel,,,,['classical']
2d92b8c5-25d4-4761-b073-0ae3acc5943e,27870d47-bb98-42d1-bf2b-c7e972e6befc,Violin Sonatas,,,,[]
012a2b29-fba6-3a57-8d54-4dad11bd9171,27870d47-bb98-42d1-bf2b-c7e972e6befc,"Concerti Grossi 5, 6, 7",Concerto,,,['classical']
d3a38456-ee31-38c5-a9ab-e7658b94e580,27870d47-bb98-42d1-bf2b-c7e972e6befc,"Sonatas for two violins and basso continuo, Op 5",,Op. 5,,['classical']
b72e57f7-f990-48f9-a132-f7c1ca74f305,27870d47-bb98-42d1-bf2b-c7e972e6befc,Famous Concertos ~ Suites,Concerto,,,[]
6120ab41-04a2-4ed7-96d6-4c0fdd7f4038,27870d47-bb98-42d1-bf2b-c7e972e6befc,Händel (1685 - 1759),,,,[]
3ac54cf7-a97e-337b-8537-7a037eb77361,27870d47-bb98-42d1-bf2b-c7e972e6befc,Handel's Messiah (Highlights),,,,['baroque' 'classical']
bbc3768c-6045-4b0a-9c85-91d298cc2d3c,27870d47-bb98-42d1-bf2b-c7e972e6befc,Julius Caesar,,,,[]
2f0a9a4b-3ecc-3540-9a22-c2330576ddf4,27870d47-bb98-42d1-bf2b-c7e972e6befc,"Semele (Opera-Oratorio) (Sheila Armstrong, Helen Watts, Robert Tear, English Chamber Orchestra feat conductor: Johannes Somary)",Oratorio,,,[]
a8feef3a-96b5-4925-9d3a-94abde59f27b,27870d47-bb98-42d1-bf2b-c7e972e6befc,"Saul (Vienna Symphony Orchestra & Copenhagen Boys Choir, feat. conductor: Mogens Wöldicke, singers: Vyvyan, Watts, Handt, Hemsley)",Symphony,,,[]
8ce061ad-ac60-411b-8e9a-44d84f159ce0,27870d47-bb98-42d1-bf2b-c7e972e6befc,Suites pour Clavecin,,,,[]
3e3b6c26-95c1-347b-b50f-984e5ba8c896,27870d47-bb98-42d1-bf2b-c7e972e6befc,The Great Harpsichord Works,,,,[]
00becf19-9c98-3506-8a88-b806f36d10b5,27870d47-bb98-42d1-bf2b-c7e972e6befc,"Ariodante, HWV 33",,,,['baroque' 'classical' 'opera']
4ca7dd4f-e5d5-3d16-a5bd-a9cb8843e1b1,27870d47-bb98-42d1-bf2b-c7e972e6befc,"Blind Love, Cruel Beauty: Vocal Duets of G.F. Handel",,,,[]
95ff939c-9865-322e-8e43-54ddfbb6d355,27870d47-bb98-42d1-bf2b-c7e972e6befc,Dixit Dominus,,,,[]
224b4ff6-b30f-4284-a6d7-a04f039a4c62,27870d47-bb98-42d1-bf2b-c7e972e6befc,Highlights from Handel's Messiah,,,,[]
ffb8223b-908d-3670-9298-4b567de0c5df,27870d47-bb98-42d1-bf2b-c7e972e6befc,Messiah (Highlights),,,,['baroque']
22e6438b-43d8-3a53-aead-97d16da63ee1,27870d47-bb98-42d1-bf2b-c7e972e6befc,Acis and Galatea,,,,['baroque' 'classical']
b270ae42-6651-3a65-8cc4-7c16a60dfbff,27870d47-bb98-42d1-bf2b-c7e972e6befc,Dixit Dominus,,,,['baroque' 'classical']
77860d24-7d33-4976-bddd-f4378ad590dd,27870d47-bb98-42d1-bf2b-c7e972e6befc,Handel House Museum,,,,['baroque' 'classical']
af0f4047-c9bc-487c-9ae0-c307123900b5,27870d47-bb98-42d1-bf2b-c7e972e6befc,Messiah,,,,[]
e9901edf-c4c2-40e1-b5e2-31de3aa5618e,27870d47-bb98-42d1-bf2b-c7e972e6befc,Saul (Original Recording Remastered),,,,['baroque' 'classical' 'oratorio']
4d898083-ad57-4eb1-ab80-a3cb4a26a81b,f1bedf1f-4445-4651-9c35-f4a3f3860a13,Simon Boccanegra,,,,[]
6ae1667b-f338-4f2b-b3c7-6ecf1e84a564,f1bedf1f-4445-4651-9c35-f4a3f3860a13,Aïda,,,,['classical' 'opera']
0cf8132a-3922-4f02-86e0-3087560c9c5a,f1bedf1f-4445-4651-9c35-f4a3f3860a13,Requiem,Requiem,,,['classical']
e8249161-77e1-4fda-a052-572ee00f5715,f1bedf1f-4445-4651-9c35-f4a3f3860a13,La forza del destino,,,,['classical' 'opera']
7686266c-8e70-32c2-9a73-b095df622b6e,f1bedf1f-4445-4651-9c35-f4a3f3860a13,Rigoletto,,,,['classical' 'opera']
2e5e5d7f-bcc9-3c9c-b130-0a89bd6226d7,f1bedf1f-4445-4651-9c35-f4a3f3860a13,Un ballo in maschera,,,,['classical' 'opera']
b52c5ed8-f661-4d93-af65-d1de4b62fbdb,f1bedf1f-4445-4651-9c35-f4a3f3860a13,Overtures,,,,[]
d8e33042-2b08-49b3-8155-db12ee17c0af,f1bedf1f-4445-4651-9c35-f4a3f3860a13,Il trovatore,,,,['classical' 'opera']
a41a640a-d230-3311-a296-d6db535d9b58,f1bedf1f-4445-4651-9c35-f4a3f3860a13,Macbeth,,,,[]
c17edd1b-6d1a-3787-aed2-2ad284ce88af,f1bedf1f-4445-4651-9c35-f4a3f3860a13,Il trovatore,,,,['classical' 'opera']
4e87fb2a-8977-4dc9-a885-d5f1193ba34c,f1bedf1f-4445-4651-9c35-f4a3f3860a13,Otello,,,,['classical' 'opera' 'production music']
955a84a9-841a-395e-8a8b-2a0aef77386a,f1bedf1f-4445-4651-9c35-f4a3f3860a13,La traviata,,,,['classical']
70d3b412-af99-3d38-b7a1-ed7a415aaa13,f1bedf1f-4445-4651-9c35-f4a3f3860a13,Aïda,,,,['classical' 'opera']
d97b7e0f-8391-4d2b-868c-d1ec96e6a763,f1bedf1f-4445-4651-9c35-f4a3f3860a13,A Verdi Collaboration,,,,[]
d1f29591-4ce1-3853-997b-4572297181c2,f1bedf1f-4445-4651-9c35-f4a3f3860a13,La traviata,,,,['classical' 'opera']
e970ccdd-e216-41a4-96ed-a8af54b49026,f1bedf1f-4445-4651-9c35-f4a3f3860a13,Callas Sings Verdi Arias,,,,['classical' 'opera']
698c92e7-d181-42c6-99dd-0ada06f63445,f1bedf1f-4445-4651-9c35-f4a3f3860a13,Requiem,Requiem,,,[]
6d1ac6f6-9149-4b8e-812f-a68b43156c16,f1bedf1f-4445-4651-9c35-f4a3f3860a13,Requiem,Requiem,,,[]
b8b1b4de-f425-37fa-baf9-3fa8f1f99c51,f1bedf1f-4445-4651-9c35-f4a3f3860a13,Rigoletto,,,,['classical' 'opera']
cc43eec9-1ca0-3e88-9114-7a9cf1474aaf,f1bedf1f-4445-4651-9c35-f4a3f3860a13,Luisa Miller,,,,[]
8f94499a-f142-4c63-bae5-bf4f2ac9d343,f1bedf1f-4445-4651-9c35-f4a3f3860a13,La traviata,,,,['classical' 'opera']
b8741bc4-fee3-4fb3-a4c8-aeee6b78d6e8,f1bedf1f-4445-4651-9c35-f4a3f3860a13,La traviata,,,,[]
01f06174-d783-4e76-b687-14ff3d3804a7,f1bedf1f-4445-4651-9c35-f4a3f3860a13,Un ballo in maschera,,,,['classical']
80021db3-af4c-4ef9-8ce8-e96fc25f102b,f1bedf1f-4445-4651-9c35-f4a3f3860a13,Requiem / Quattro Pezzi Sacri,Requiem,,,['classical']
45a33088-124c-4bc6-8f70-1ddea9fd03d5,f1bedf1f-4445-4651-9c35-f4a3f3860a13,String Quartets,,,,[]
e9e3fa4c-0a35-40bc-ad6b-2dede1574a80,24f1766e-9635-4d58-a4d4-9413f9f98a4c,Johann Sebastian Bach,,,,[]
922e6738-5f6b-3a4b-8a30-bad819b8ce3c,24f1766e-9635-4d58-a4d4-9413f9f98a4c,"Digital 3"" Classics",,,,[]
c504c597-5083-401e-9db1-ee6a74864b0c,24f1766e-9635-4d58-a4d4-9413f9f98a4c,The Greatest Classical Composers,,,,[]
f0ca8f6a-1321-4339-9f65-29a7ed037604,24f1766e-9635-4d58-a4d4-9413f9f98a4c,"Schubert: Quintet, D. 956 / Trio, D. 581 / Ave Maria / Bach: 3 Sinfonias",Trio,D. 956,,[]
26118854-7fa5-4405-a903-ec20281823a5,24f1766e-9635-4d58-a4d4-9413f9f98a4c,St. Matthew Passion,Passion,,,[]
0e587fbc-3d59-4f8b-b09d-dd2d57bf50bd,24f1766e-9635-4d58-a4d4-9413f9f98a4c,Oratorio de Noël,Oratorio,,,[]
badac2e9-2d4e-38c1-8131-b760a26b5e54,24f1766e-9635-4d58-a4d4-9413f9f98a4c,Sonatas and Partitas for Solo Violin,,,,[]
8283577a-3425-46ef-8424-07d0b29acd9c,24f1766e-9635-4d58-a4d4-9413f9f98a4c,"Toccata en fa majeur / Concerto pour 2 trompettes en ut / Sonate en fa dièse, op. 78, « À Thérèse » / Symphonie n° 26 en mi bémol (K. 184) / Fantaisie‐impromptu, op. 66 / Carnaval romain, Ouverture",Symphony,Op. 78,,[]
dcff25f1-702d-3b5e-b0da-d48172e6e62a,24f1766e-9635-4d58-a4d4-9413f9f98a4c,The Goldberg Variations,Variation,,,"['baroque' 'baroque era' 'canadian' 'classical' 'classical music' 'piano'
 'theme and variations']"
89e7cd50-ed92-494f-afff-51d2d3e7a96d,24f1766e-9635-4d58-a4d4-9413f9f98a4c,Suites pour violoncelle seul N° 1 en sol majeur / N° 2 en ré mineur,,,,[]
a64a670b-9786-4d98-aecb-e92bbdeb64e3,24f1766e-9635-4d58-a4d4-9413f9f98a4c,Suites pour violoncelle seul N° 5 en do mineur / N° 6 en ré majeur,,,,[]
c191486d-6824-45ed-b650-3b12d4f9c512,24f1766e-9635-4d58-a4d4-9413f9f98a4c,"Piano Concerto No. 2 in B-flat major Op. 19 / Keyboard Concerto No. 1 in D minor, BWV 1052",Concerto,BWV 1052,B♭ major,['baroque' 'classical']
97f5bebc-9f06-4abd-b934-eb402b3f73a7,24f1766e-9635-4d58-a4d4-9413f9f98a4c,Partita no. 5 in G major / Partita no. 6 in E minor,,No. 5,G major,['baroque' 'classical']
0f23af79-5af7-481a-bb45-51154e8b608e,24f1766e-9635-4d58-a4d4-9413f9f98a4c,Concerti,Concerto,,,['baroque' 'classical' 'concerto']
a402e35c-5fdc-4161-b84e-ffec9fb2e083,24f1766e-9635-4d58-a4d4-9413f9f98a4c,Suites pour violoncelle seul N°3 en do majeur / N°4 en mi bémol majeur,,,,[]
64bd0acc-09a9-483b-b0ed-0b5a96c66b58,24f1766e-9635-4d58-a4d4-9413f9f98a4c,"Beethoven: Piano Concerto no. 1 in C major, op. 15 / Bach: Keyboard Concerto no. 5 in F minor",Concerto,Op. 15,C major,['baroque' 'classical']
23ab8c25-9100-4d91-8102-c4c9e5c92274,24f1766e-9635-4d58-a4d4-9413f9f98a4c,Ich Will Den Kreuzstab Gerne Tragen / Ich Habe Genug,,,,['baroque' 'classical']
e7ce9b08-4aff-43fa-aa4e-5e9313c96217,24f1766e-9635-4d58-a4d4-9413f9f98a4c,Magnificat / Cantate de Pâques,Magnificat,,,[]
0a938519-b229-441d-a7ac-ab9cc2931f1f,24f1766e-9635-4d58-a4d4-9413f9f98a4c,Бах/Бузони: Чакона / Моцарт: 12-я соната фа мажор,,,,['classical']
8eaf61b0-1a5d-44f7-95ad-5f9bfcba0435,24f1766e-9635-4d58-a4d4-9413f9f98a4c,"Konzert für Cembalo, Streicher und Continuo Nr. 1 d‐moll, BWV 1052 / Konzert für Cembalo, Streicher und Continuo Nr. 2 E‐dur, BWV 1053",Concerto,BWV 1052,,[]
ea8f92ec-b3f7-43e7-b066-1de190293955,24f1766e-9635-4d58-a4d4-9413f9f98a4c,Motetten,,,,[]
2e3a0598-53eb-342f-8639-cc74a1d2d47b,24f1766e-9635-4d58-a4d4-9413f9f98a4c,"The Well-Tempered Clavier, Books I & II",,,,[]
cfcb84fe-ed10-4807-90c3-aa0d762fa09b,24f1766e-9635-4d58-a4d4-9413f9f98a4c,Concerto in F major / Partita no. 1 in B-flat major / Partita no. 2 in C minor,Concerto,No. 1,F major,['baroque' 'classical']
b0af607c-0bda-43fd-be80-ffe0ff140afa,24f1766e-9635-4d58-a4d4-9413f9f98a4c,Concertos de Violon N°1 en la Mineur & N°2 en Mi Majeur,Concerto,,,['baroque' 'classical']
3650f52d-5000-4a6e-91ce-f7e2fc442b55,24f1766e-9635-4d58-a4d4-9413f9f98a4c,"Dupré at Saint-Sulpice, Vol. 4: Bach",,,,['baroque' 'classical']
882a8661-ea06-438f-9871-4b51688f3f30,c70d12a2-24fe-4f83-a6e6-57d84f8efb51,Sonata in F minor,Sonata,,F minor,[]
2a379696-feb2-4299-ba61-876113dfbe4c,c70d12a2-24fe-4f83-a6e6-57d84f8efb51,Œuvre pour orgue intégrale,,,,[]
545f89c6-8fb2-469b-ac70-1ee8503c2b6f,c70d12a2-24fe-4f83-a6e6-57d84f8efb51,Symphony No1,Symphony,No. 1,,[]
dbcbbe48-13b4-43f6-b91d-b2db336f5883,c70d12a2-24fe-4f83-a6e6-57d84f8efb51,"Piano Quartet no. 1 in G minor, op. 25 / Piano Quartet no. 3 in C minor, op. 60",Piano Quartet,Op. 25,G minor,['classical']
0a44b48f-64b2-415e-95d5-95d1de669287,c70d12a2-24fe-4f83-a6e6-57d84f8efb51,Quatuor à cordes n. 2 & 3,String Quartet,,,[]
382f08ec-2bbb-40c8-b807-fd7bc5e5321b,c70d12a2-24fe-4f83-a6e6-57d84f8efb51,"Piano Pieces Op. 76, Two Rhapsodies Op. 79, Fantasies, Op. 116",,Op. 76,,[]
b1cf004d-dffb-47b2-8ce8-d77dec3446f3,c70d12a2-24fe-4f83-a6e6-57d84f8efb51,The Best of Brahms,,,,[]
467833ec-4a8e-4127-b9e3-1346b83c1db0,c70d12a2-24fe-4f83-a6e6-57d84f8efb51,Complete Works,,,,[]
4a2584a4-3c4a-4fc4-9a20-64b664684e38,c70d12a2-24fe-4f83-a6e6-57d84f8efb51,Symphonie Nr. 2 & Liebeslieder Walzer,Symphony,,,[]
887288e2-0c87-4259-b027-ead89e670e35,c70d12a2-24fe-4f83-a6e6-57d84f8efb51,3b04c15f-409b-42a0-ad08-ba82e0cd4cde,,,,[]
26170ae8-22ba-4706-98a0-e14fd174d786,c70d12a2-24fe-4f83-a6e6-57d84f8efb51,Violin Sonatas,,,,[]
30875334-d43e-4560-8b3d-41f3879fa6f2,c70d12a2-24fe-4f83-a6e6-57d84f8efb51,Highlights From Symphonies & Concertos,Concerto,,,[]
9008d9f3-4962-4abe-abb9-250b2680045d,c70d12a2-24fe-4f83-a6e6-57d84f8efb51,Violin Concertos,Concerto,,,['classical']
80397a06-5025-4ed7-82cf-c23d23edc588,c70d12a2-24fe-4f83-a6e6-57d84f8efb51,"Symphony no. 2 in D major, op. 73",Symphony,Op. 73,D major,[]
fb2ef06e-3261-4a64-ad5a-ca80c436edd4,c70d12a2-24fe-4f83-a6e6-57d84f8efb51,Ein deutsches Requiem,Requiem,,,[]
4b8ca1ca-7e8f-4fc6-808f-b77aa2b83b97,c70d12a2-24fe-4f83-a6e6-57d84f8efb51,Ginette Neveu Plays Brahms,,,,[]
3fac0352-64bb-4ce3-893b-a75b9739f1a2,c70d12a2-24fe-4f83-a6e6-57d84f8efb51,"Collection les grands compositeurs, 23: Johannes Brahms",,,,[]
03726e6c-0896-4549-87dc-6a269195c878,c70d12a2-24fe-4f83-a6e6-57d84f8efb51,"Piano Quartets op. 25, 26 & 60",,Op. 25,,['classical']
786ece02-8b73-42af-a89e-fcd3f87adf61,c70d12a2-24fe-4f83-a6e6-57d84f8efb51,"Symphony no. 3, op. 90 / Haydn Variations, op. 56a",Symphony,Op. 90,,[]
39003864-ef8c-4484-a4fb-f99b9bf453ae,c70d12a2-24fe-4f83-a6e6-57d84f8efb51,"Balladen, op. 10 / Klavierstücke, op. 76 / Rhapsodien, op. 79 / Fantasien, op. 116 / Intermezzi, op. 117 / Klavierstücke, op. 118 / Klavierstücke, op. 119",,Op. 10,,[]
ca426347-75a1-4293-a50d-8d1790b579f5,c70d12a2-24fe-4f83-a6e6-57d84f8efb51,The Five Sonatas for Vioin & Piano - Vol. 2,,,,[]
c2238a59-385c-438a-8fbd-f6618ab8d787,c70d12a2-24fe-4f83-a6e6-57d84f8efb51,Violin Concerto,Concerto,,,[]
86acc9e1-7483-4e05-93a1-b456604127c6,c70d12a2-24fe-4f83-a6e6-57d84f8efb51,Brahms: Complete Sonatas,,,,[]
6f8a543a-703b-4480-bccf-f73f289d2c4c,c70d12a2-24fe-4f83-a6e6-57d84f8efb51,Clarinet Trio,Trio,,,[]
449cc075-baff-411f-9a87-83bd125ff5f4,c70d12a2-24fe-4f83-a6e6-57d84f8efb51,"Complete Symphonies, Tragic Overture & Academic Festival Overture",Overture,,,[]
5dfedad6-ce8b-47ad-b08c-8ae2a7f68d32,1f9df192-a621-4f54-8850-2c5373b7eac9,Septett Es-dur,,,,[]
0ecc3d1c-bb26-409a-a905-bbeb65fdc093,1f9df192-a621-4f54-8850-2c5373b7eac9,Eroica-Variationen / 6 Variationen G-Dur / 32 Variationen c-moll,Variation,,G major,[]
34ae626a-4f6e-4cd5-b3fe-5f0fc2c7f174,1f9df192-a621-4f54-8850-2c5373b7eac9,"Le Ultime Tre Sonate Per Pianoforte Op. 109, 110, 111",Sonata,Op. 109,,[]
e0f7a7aa-7ce5-4274-99d3-d08091b87672,1f9df192-a621-4f54-8850-2c5373b7eac9,Marlboro Music Festival: 50th Anniversary,,,,[]
9b80053f-dca7-4d0c-a405-3dca1d46805b,1f9df192-a621-4f54-8850-2c5373b7eac9,Symphony No 9 Choral,Symphony,No. 9,,[]
bbd51707-e4a4-4ce1-b1a4-e1a89126b10a,1f9df192-a621-4f54-8850-2c5373b7eac9,Beethoven - Meisterwerke,,,,[]
1e31149f-9f1c-3120-9574-2665e254df19,1f9df192-a621-4f54-8850-2c5373b7eac9,"Romances nos. 1 & 2 / ""Moonlight"" / ""Waldstein"" / ""Pathétique""",,,,[]
7e380ae7-29eb-41fa-8886-577af8616938,1f9df192-a621-4f54-8850-2c5373b7eac9,Kempff plays Beethoven,,,,[]
b110d149-95cc-44dd-bbd6-abd9cbd957d7,1f9df192-a621-4f54-8850-2c5373b7eac9,Razumovsky Quartets,,,,[]
1a6ceef3-89db-40f8-abac-e47254a475ed,1f9df192-a621-4f54-8850-2c5373b7eac9,Sonatas Vol. 4,,,,[]
ac263f6d-6e98-31dd-ae87-b6ab175d2f15,1f9df192-a621-4f54-8850-2c5373b7eac9,Beethoven - Haydn,,,,[]
57cd784c-76f1-3466-a9c8-b6f01798dde6,1f9df192-a621-4f54-8850-2c5373b7eac9,"Beethoven Immortal: Sonatas Para Piano 3, 12 Y 17",,,,[]
9f775c4f-4366-4752-98ac-b41663c150e5,1f9df192-a621-4f54-8850-2c5373b7eac9,Beethoven: String Quintet op. 29 / Mendelssohn: String Quintet op. 87,String Quintet,Op. 29,,[]
553e3275-cee4-3d11-b542-c120a44152ed,1f9df192-a621-4f54-8850-2c5373b7eac9,Beethoven/The Great Composers,,,,[]
2da24cec-2159-4741-a911-3c41d6a93c2e,1f9df192-a621-4f54-8850-2c5373b7eac9,Berühmte Sinfonien Nr. 9,,,,[]
60c583a0-8133-30f0-a190-e4f83f1f3c6d,1f9df192-a621-4f54-8850-2c5373b7eac9,Berühmte Werke,,,,[]
1e63a518-a63f-41f6-ac86-80a21fe8c9b9,1f9df192-a621-4f54-8850-2c5373b7eac9,Best of the Classics Ludwig van Beethoven,,,,[]
bf8fd8a7-db43-3cfc-8f93-e3e7248a80d5,1f9df192-a621-4f54-8850-2c5373b7eac9,Classic Voyage,,,,[]
6ebf4827-7fec-3bcb-a32b-5b39cd6e9dfb,1f9df192-a621-4f54-8850-2c5373b7eac9,Classical Highlights (Dolby Surround),,,,[]
1eb813fe-9890-31c4-b009-c4b7d552e71d,1f9df192-a621-4f54-8850-2c5373b7eac9,Collection,,,,[]
f84b7e97-75a4-3361-b89b-8be173987cff,1f9df192-a621-4f54-8850-2c5373b7eac9,"Complete Piano Trios, Volume 2",,,,[]
7b590c4d-f4a4-38fc-ad61-1e1ca77d7647,1f9df192-a621-4f54-8850-2c5373b7eac9,Concerto no. 5 “Emperor”,Concerto,No. 5,,[]
f0b1a73c-286f-3c94-aeea-c5bc88c9cb49,1f9df192-a621-4f54-8850-2c5373b7eac9,Dolby Surround Classics,,,,[]
6a0c58fa-a71a-312e-972e-46564d00d7d0,1f9df192-a621-4f54-8850-2c5373b7eac9,Excelsior Classic Gold - Piano Concertos No. 1+2,Concerto,No. 1,,[]
049fe82e-ae86-3c8a-801a-f477a4aa944e,1f9df192-a621-4f54-8850-2c5373b7eac9,Famous Piano Sonates,,,,[]
4fa719e7-f4fc-43a2-ba19-c97a2112be3a,5f2375e8-67d5-410c-9bdb-6793a7c0d62b,Children of Time,,,,[]
3196ef35-2d69-44f9-8eaf-45686035faba,5f2375e8-67d5-410c-9bdb-6793a7c0d62b,Dogs of War,,,,[]
56065c0b-31f7-4ab8-b75e-06fc4fe62608,5f2375e8-67d5-410c-9bdb-6793a7c0d62b,Die Kinder der Zeit,,,,[]
6b697b6b-7bd4-4ed0-b5e3-1b295f04a86b,5f2375e8-67d5-410c-9bdb-6793a7c0d62b,Die Erben der Zeit,,,,[]
ef457f24-6c59-4185-97f3-679330bfc56c,5f2375e8-67d5-410c-9bdb-6793a7c0d62b,Alien Clay,,,,[]
f0b72dad-6ec5-4233-9c26-5d9ad1405069,eefd7c1e-abcf-4ccc-ba60-0fd435c9061f,The Flying Dutchman (highlights),,,,[]
77681e19-b2e9-4bdb-96e4-fab57ea3687c,eefd7c1e-abcf-4ccc-ba60-0fd435c9061f,"Wagner - Die Walküre - Frida Leider, Göta Ljungberg, Emmi Leisner, Friedrich Schorr, Berlin State Opera/Blech and LSO/Barbirolli [Pearl]",Opera,,,[]
5f1abe51-ce42-45b6-be15-3cf433174134,eefd7c1e-abcf-4ccc-ba60-0fd435c9061f,Richard Wagner,,,,[]
368a9d0f-3a60-4f15-9df4-7d80168705f4,eefd7c1e-abcf-4ccc-ba60-0fd435c9061f,Tristano e Isotta,,,,[]
f636fab2-6df1-46d9-924d-c729fc424cb8,eefd7c1e-abcf-4ccc-ba60-0fd435c9061f,Siegfried. Fantaisie,,,,[]
ddfcb100-d46e-444a-aa13-74880af9cd5e,eefd7c1e-abcf-4ccc-ba60-0fd435c9061f,A Wagner Concert,Concerto,,,['classical']
f7124a0f-7840-419f-947e-035f4a5294fa,eefd7c1e-abcf-4ccc-ba60-0fd435c9061f,"Die Walkure, Act 3",,,,[]
8835227d-7061-4b96-b389-fddc6c00f410,eefd7c1e-abcf-4ccc-ba60-0fd435c9061f,Die Meistersinger von Nurnburg,,,,[]
99ec2bb9-a8c3-4e87-a223-f902037ae183,eefd7c1e-abcf-4ccc-ba60-0fd435c9061f,Tristan und Isolde,,,,['classical' 'opera']
598e8085-37f3-4f49-a3a4-39226dce77ca,eefd7c1e-abcf-4ccc-ba60-0fd435c9061f,"Prelude & Liebestod from ""Tristan Und Isolde"" / Dawn & Siegfried's Rhine Journey, Siegfried's Funeral Music from ""Die Gotterdammerung""",Prelude,,,[]
0f5eab7a-538e-30b2-830c-748054daaa62,eefd7c1e-abcf-4ccc-ba60-0fd435c9061f,Die Walküre,,,,['classical' 'opera']
6f545c1b-0ba0-4e8c-a306-9ad773a23370,eefd7c1e-abcf-4ccc-ba60-0fd435c9061f,Munch Conducts Wagner,,,,[]
10881ab8-afe9-453f-a05b-f2fd68018c90,eefd7c1e-abcf-4ccc-ba60-0fd435c9061f,Tristan et Isolde (Extraits),,,,[]
7f4dfc17-5b21-4a3b-8556-9a04aeb71091,eefd7c1e-abcf-4ccc-ba60-0fd435c9061f,Das Rheingold,,,,['classical' 'opera']
23c693c7-a111-4ac3-b969-e37b33bf01cb,eefd7c1e-abcf-4ccc-ba60-0fd435c9061f,Tristan und Isolde: Prelude and Liebestod / Tannhäuser: Overture and Venusberg Music / Lohengrin: Prelude to Act III,Overture,,,[]
b9d2cf93-f443-4ae1-85d5-e86c4e4bc1bf,eefd7c1e-abcf-4ccc-ba60-0fd435c9061f,Klemperer Conducts Wagner,,,,[]
ee4488e0-383f-412b-9c43-172518985922,eefd7c1e-abcf-4ccc-ba60-0fd435c9061f,Ouvertures,,,,[]
b796110e-1734-400a-9893-e77972983bae,eefd7c1e-abcf-4ccc-ba60-0fd435c9061f,Reiner Conducts Wagner,,,,[]
80c8e380-0ee5-438a-9eb4-f2e6494a3c5f,eefd7c1e-abcf-4ccc-ba60-0fd435c9061f,Der fliegende Holländer: Großer Opernquerschnitt,,,,[]
d93fa315-b3fb-33f2-9c47-444929375510,eefd7c1e-abcf-4ccc-ba60-0fd435c9061f,"Rhapsodies: Liszt, Enescu, Wagner, Smetana",,,,['classical' 'orchestral']
1631fa94-34e3-3ab5-a20b-60fd9f29ec77,eefd7c1e-abcf-4ccc-ba60-0fd435c9061f,Tristan und Isolde,,,,['classical' 'opera']
76093277-9104-4f8b-ad1a-b333a303f185,eefd7c1e-abcf-4ccc-ba60-0fd435c9061f,Prelude to Die Meistersinger / Overture to Tannhäuser / Good Friday Spell From Parsifal / Prelude to Act I of Lohengrin,Overture,,,[]
2b5bbaf8-d7e1-490a-9e52-8fd4e8b180a2,eefd7c1e-abcf-4ccc-ba60-0fd435c9061f,Der fliegende Holländer,,,,['classical' 'opera']
bd6d4434-e88f-4218-8125-0eb6e3f3843b,eefd7c1e-abcf-4ccc-ba60-0fd435c9061f,Klemperer Conducts More Wagner,,,,[]
3dd85bde-6fbe-4d47-9dd7-6c56476969fe,eefd7c1e-abcf-4ccc-ba60-0fd435c9061f,Siegfried,,,,['classical' 'opera']
8ecc6153-4e7d-455a-90ce-76cf3f5de9f4,3cd3882c-00f8-4362-a0c2-ad89ed248533,"Symphony No. 3 ""Rhenish"" / Symphony No. 5 ""Reformation""",Symphony,No. 3,,[]
7fe61c8f-2818-408e-9bdb-97517a8b25d9,3cd3882c-00f8-4362-a0c2-ad89ed248533,Meisterwerke fuer Solisten (disc 9),,,,[]
6d69884a-3415-489f-bfd4-7aea7caad270,3cd3882c-00f8-4362-a0c2-ad89ed248533,Symphony no. 1 ‘Spring’,Symphony,No. 1,,[]
43b68ffd-6f5d-4dfd-945e-a17fe631e4c1,3cd3882c-00f8-4362-a0c2-ad89ed248533,"Dichterliebe, op. 48",,Op. 48,,[]
e79ec019-7ad3-4671-b64e-6cc951f0cbe2,3cd3882c-00f8-4362-a0c2-ad89ed248533,"Sinfonie nr. 4 d‐moll, op. 120",Symphony,Op. 120,,['classical' 'symphony']
06315db3-a5ac-4ef8-8ff0-efaff35e8ce3,3cd3882c-00f8-4362-a0c2-ad89ed248533,Symphony no. 4 in D minor,Symphony,No. 4,D minor,[]
3871cdec-d9ec-409f-8f42-94cd8b781f9d,3cd3882c-00f8-4362-a0c2-ad89ed248533,Carnaval and Etudes Symphoniques,Etude,,,['classical']
9103493c-9a24-41a6-a47a-db0d7db8bcce,3cd3882c-00f8-4362-a0c2-ad89ed248533,"Marsch nr.2 G‐moll / Waldszenen / Sechs Stücke aus Fantasiestücke, op. 12",March,Op. 12,,['classical']
b39d02e8-9fa4-4d7a-a7ef-b677192fabd3,3cd3882c-00f8-4362-a0c2-ad89ed248533,"Concert pentru pian și orchestră în La minor, op. 54",Concerto,Op. 54,,[]
dbc5c1a3-01c2-426e-b630-28695f0a7fc8,3cd3882c-00f8-4362-a0c2-ad89ed248533,Schumann: Carnaval - Chopin: Les sylphides,,,,[]
53889710-d573-480b-92f2-6a4aa267f0e5,3cd3882c-00f8-4362-a0c2-ad89ed248533,"Symphonie No. 4 - ""Geneviève"" Ouverture",Symphony,No. 4,,[]
a6d2970b-dec3-4ca7-8240-aac5340eb3cd,3cd3882c-00f8-4362-a0c2-ad89ed248533,Konzert für Klavier und Orchester a-moll Op.54 • Introduction und Allegro Appassionato Op.92 • Novelette F-dur Op.21 Nr. 1 • Toccata C-dur Op.7,Concerto,Op. 54,A minor,[]
2012b4b3-eea7-48c4-bbaa-d03f329e07f9,3cd3882c-00f8-4362-a0c2-ad89ed248533,Carnaval / Fantasy Pieces,Fantasia,,,[]
7ef4aa21-82b4-4c07-9173-abb358985cfa,3cd3882c-00f8-4362-a0c2-ad89ed248533,Piano Concertos,Concerto,,,[]
edc3779c-f4d3-4a9d-9511-9c2ae090e6e4,3cd3882c-00f8-4362-a0c2-ad89ed248533,Piano Quartets,,,,[]
34785bc3-8ebd-47ec-a08e-b8d1c543430d,3cd3882c-00f8-4362-a0c2-ad89ed248533,Tchaikovsky: Sonata in G major / Schumann: Humoreske,Sonata,,G major,[]
695cac6e-83b5-4224-a6a5-401469b6c9d1,3cd3882c-00f8-4362-a0c2-ad89ed248533,The Art of Song,Song,,,['classical']
7d86ed99-d103-4f47-b58d-7c4d07b4b0fd,3cd3882c-00f8-4362-a0c2-ad89ed248533,Dichterliebe,,,,['classical']
51152cc5-7f60-4be6-b2fc-97b3463d4278,3cd3882c-00f8-4362-a0c2-ad89ed248533,Grieg: Piano Concerto in A minor / Schumann: Piano Concerto in A minor,Concerto,,A minor,['classical']
1fc347d3-1d34-4d05-aaf5-36463e74cfd3,3cd3882c-00f8-4362-a0c2-ad89ed248533,In Recital,,,,[]
cbbeb8ab-f7c5-447f-b331-5a61efa0ffe9,3cd3882c-00f8-4362-a0c2-ad89ed248533,Piano Concerto / Waldszenen,Concerto,,,[]
f43f78cd-1e3b-40bd-b0e8-3923e54fb774,3cd3882c-00f8-4362-a0c2-ad89ed248533,Cellokonzert A-Moll / Rokoko-Variationen,Variation,,A minor,[]
56b96703-52eb-4018-a021-222b64447a5b,3cd3882c-00f8-4362-a0c2-ad89ed248533,"Dichterliebe, op. 48",,Op. 48,,['classical']
932f372b-eb05-4daa-8f5a-bb4129cb6481,3cd3882c-00f8-4362-a0c2-ad89ed248533,Dichterliebe / 4 Heine Lieder,Song,,,[]
da708610-6d62-4b7a-8567-889cb01a8e6c,3cd3882c-00f8-4362-a0c2-ad89ed248533,Violoncello Recital,,,,['classical']
d5038ff6-9971-442c-a532-6388f5c09230,b972f589-fb0e-474e-b64a-803b0364fa75,La Magia de la Ópera - Selección - La Flauta Magica,Opera,,,[]
40e2c3f2-808d-4a8e-bbbe-3f41ddacacc6,b972f589-fb0e-474e-b64a-803b0364fa75,String Quartet,String Quartet,,,[]
5019f0c3-9fb2-460f-875c-4b70721d71e3,b972f589-fb0e-474e-b64a-803b0364fa75,Symphony no. 41 ‘Jupiter’,Symphony,No. 41,,[]
1ff848cd-a656-4b4a-91b8-1ed783f75690,b972f589-fb0e-474e-b64a-803b0364fa75,"Vivaldi: Concerto grosso in D minor, op. 3 no. 11 / Mozart: Divertimento in D major, K. 251",Concerto,Op. 3 no. 11,D minor,['baroque' 'classical']
a9c22edd-bf54-3505-ab1f-f6afd8554777,b972f589-fb0e-474e-b64a-803b0364fa75,Le nozze di Figaro,,,,['classical' 'opera']
e1f2e320-2290-4abe-af4a-e1f66088ff81,b972f589-fb0e-474e-b64a-803b0364fa75,Die Zauberflöte,Opera,,,['classical' 'opera']
bc25bf30-cfd2-36bd-baa1-123a76339890,b972f589-fb0e-474e-b64a-803b0364fa75,Horn Concertos,Concerto,,,['classical' 'concerto']
28feace5-6959-47ce-a037-ed83dcf3c40f,b972f589-fb0e-474e-b64a-803b0364fa75,"Concerto in C major for Flute, Harp and Orchestra (K. 299) / Concerto no. 1 in G major for Flute and Orchestra (K. 313)",Concerto,K. 299,C major,['classical' 'concerto']
49af3df6-849a-412f-a8cf-4b15d66a1da8,b972f589-fb0e-474e-b64a-803b0364fa75,Gloria / Exultate Jubilate,Gloria,,,[]
2179df55-6175-4fcf-885e-093ba0b9ce88,b972f589-fb0e-474e-b64a-803b0364fa75,Le nozze di Figaro di Wolfgang Amadeus Mozart,,,,['classical' 'opera']
5469fd3e-dd03-411a-9ca4-9f177c64d7a9,b972f589-fb0e-474e-b64a-803b0364fa75,Concerto 23 la majeur K.488,Concerto,K. 488,,[]
e8f93830-36ed-3a6c-b741-18b8c8911ad5,b972f589-fb0e-474e-b64a-803b0364fa75,Così fan tutte,,,,['classical' 'opera']
c7f31ac3-d344-3874-b0cc-73792c09eeff,b972f589-fb0e-474e-b64a-803b0364fa75,Die Zauberflöte,Opera,,,['classical' 'opera']
29f6a059-c0a5-4510-aad9-d25aae632903,b972f589-fb0e-474e-b64a-803b0364fa75,Die Zauberflöte,Opera,,,['classical' 'opera']
8283577a-3425-46ef-8424-07d0b29acd9c,b972f589-fb0e-474e-b64a-803b0364fa75,"Toccata en fa majeur / Concerto pour 2 trompettes en ut / Sonate en fa dièse, op. 78, « À Thérèse » / Symphonie n° 26 en mi bémol (K. 184) / Fantaisie‐impromptu, op. 66 / Carnaval romain, Ouverture",Symphony,Op. 78,,[]
45b764cc-fbed-46b5-9d85-a3a0589c475f,b972f589-fb0e-474e-b64a-803b0364fa75,"Symphonie N°41 ""Jupiter""",Symphony,,,[]
a0a4e94f-307c-4665-b13b-f97f269e0943,b972f589-fb0e-474e-b64a-803b0364fa75,Mendelssohn & Mozart: Violin Concertos (remastered),Concerto,,,['classical' 'concerto']
1815604e-fa1b-4ae3-9c62-db1d6ac0f01e,b972f589-fb0e-474e-b64a-803b0364fa75,Symphonies nos. 40 & 41,,,,[]
a9704e80-5119-4936-8e63-c10c96c18711,b972f589-fb0e-474e-b64a-803b0364fa75,Complete String Quintets,,,,['classical']
90c6d372-147f-4657-946c-a600480a97fc,b972f589-fb0e-474e-b64a-803b0364fa75,Concerto pour flûte et harpe / Divertissement n° 11,Concerto,,,[]
9484908e-5eee-4c1c-9daf-dcaa690331bd,b972f589-fb0e-474e-b64a-803b0364fa75,"Requiem Mass in D minor, K. 626",Mass,K. 626,D minor,[]
a335d8ba-bb01-4e2e-89bc-c84220f8ed95,b972f589-fb0e-474e-b64a-803b0364fa75,Sérénade N° 7 en ré majeur / (K. V. 250) / Sérénade Haffner /,,,,['classical']
fecf327e-e894-4ee6-a0eb-44a96b75ee45,b972f589-fb0e-474e-b64a-803b0364fa75,"The Last Quartets of Mozart, Volume I",,,,[]
bc107c57-5801-4b0f-bd86-eb77357396c4,b972f589-fb0e-474e-b64a-803b0364fa75,"The Last Quartets of Mozart, Volume II",,,,['classical']
84dc4267-bc4f-4892-830a-5e18b930e04c,b972f589-fb0e-474e-b64a-803b0364fa75,Sonata no. 15 in C major (K.545) (‘Sonate Facile’) / Sonata no. 11 in A major (K.331) / Sonata no. 13 in B flat major (K.333),Sonata,K. 545,C major,['classical']
